{"collection":[{"page_id":"350_a7b29a","url":"https://www.xing.com/news/industries/350","title":"Wirtschaft & Management","surn":"surn:x-xing:content:industry_page:350_a7b29a","tracking_id":"WyJlOWQ0ZmNmMy1jMjU2LTQ2NGQtOWVlYy0zN2Q0YThhNjBmZTYiLCKOMzUwIixbMzg5MDM5NywzODkwMzk1LDM4OTAzOTMsMzg5MDM4OV0sbnVsbCxudWxsLG51bGxd","section":"Deine News-Quellen","reason":"Deine gewählte Branche","logo_urls":{"square_48":"https://static.xingcdn.com/content/cpp/page_logo_images/images/000/234/553/square_48/image.jpg?1464946703","square_64":"https://static.xingcdn.com/content/cpp/page_logo_images/images/000/234/553/square_64/image.jpg?1464946703","square_96":"https://static.xingcdn.com/content/cpp/page_logo_images/images/000/234/553/square_96/image.jpg?1464946703","square_128":"https://static.xingcdn.com/content/cpp/page_logo_images/images/000/234/553/square_128/image.jpg?1464946703","square_144":"https://static.xingcdn.com/content/cpp/page_logo_images/images/000/234/553/square_144/image.jpg?1464946703","square_192":"https://static.xingcdn.com/content/cpp/page_logo_images/images/000/234/553/square_192/image.jpg?1464946703"},"followed":false,"follow_url":"/vendor/content/pages/350/follow","footer_title":"Weitere Artikel aus dieser Branche","articles":[{"id":3890397,"url":"https://www.xing.com/news/articles/link/3890397?ctid=WyJlOWQ0ZmNmMy1jMjU2LTQ2NGQtOWVlYy0zN2Q0YThhNjBmZTYiLCKOMzUwIixbMzg5MDM5NywzODkwMzk1LDM4OTAzOTMsMzg5MDM4OV0sbnVsbCxudWxsLG51bGxd&link_position=front_page&newsletter_id=73563&sid=0.8dc6d1&xng_share_origin=windows","share_url":"https://www.xing.com/news/articles/link/3890397?ctid=WyJlOWQ0ZmNmMy1jMjU2LTQ2NGQtOWVlYy0zN2Q0YThhNjBmZTYiLCKOMzUwIixbMzg5MDM5NywzODkwMzk1LDM4OTAzOTMsMzg5MDM4OV0sbnVsbCxudWxsLG51bGxd&link_position=front_page&newsletter_id=73563&sid=0.8dc6d1&xng_share_origin=windows","read_url":"/vendor/content/articles/3890397/read","prefetch_url":"https://www.xing.com/news/articles/link/3890397?ctid=WyJlOWQ0ZmNmMy1jMjU2LTQ2NGQtOWVlYy0zN2Q0YThhNjBmZTYiLCKOMzUwIixbMzg5MDM5NywzODkwMzk1LDM4OTAzOTMsMzg5MDM4OV0sbnVsbCxudWxsLG51bGxd&link_position=front_page&newsletter_id=73563&sid=0.8dc6d1&tracking=false&xng_share_origin=windows","prefetch_read_url":"/vendor/content/articles/3890397/read?tracking=true&xng_share_origin=windows","title":"Corona-Pläne durchgesickert: Ausgangssperren und Lockdown-Verlängerung bis 18. April","newsletter_id":73563,"video_id":null,"description":"Wird der Lockdown in der Bundesrepublik wieder verschärft? Werden neue Maßnahmen verabschiedet? Die wichtigsten Fragen und Antworten zum Bund-Länder-Treffen.","introductory_text":null,"thumbnail_url":"https://static.xingcdn.com/content/article_thumbnail_images/images/003/699/827/mobile/5d0efc9679d560c022b46d0c0f6dcece4fd6529eimage.jpg?1616391120","source":"focus.de","published_at":"2021-03-22T06:30:00+01:00","liked":false,"bookmarked":false,"bookmark_url":"/vendor/content/articles/3890397/bookmark","starred":false,"star_url":null,"object_surn":"surn:x-xing:content:page_article_external:3890397_c3af17","read":false,"stars_count":10,"comments_count":7,"reads_count":22561,"commentable":false,"page_urn":"surn:x-xing:content:industry_page:350_a7b29a","page_name":"Wirtschaft & Management","page_id":"350_a7b29a","news_plus":false,"purchased":false,"kind":null,"dateline":null,"body_html":null,"header_image":{},"headline":"","urn":"surn:x-xing:content:page_article_external:3890397_c3af17"},{"id":3890395,"url":"https://www.xing.com/news/articles/link/3890395?ctid=WyJlOWQ0ZmNmMy1jMjU2LTQ2NGQtOWVlYy0zN2Q0YThhNjBmZTYiLCKOMzUwIixbMzg5MDM5NywzODkwMzk1LDM4OTAzOTMsMzg5MDM4OV0sbnVsbCxudWxsLG51bGxd&link_position=front_page&newsletter_id=73563&sid=0.8dc6d1&xng_share_origin=windows","share_url":"https://www.xing.com/news/articles/link/3890395?ctid=WyJlOWQ0ZmNmMy1jMjU2LTQ2NGQtOWVlYy0zN2Q0YThhNjBmZTYiLCKOMzUwIixbMzg5MDM5NywzODkwMzk1LDM4OTAzOTMsMzg5MDM4OV0sbnVsbCxudWxsLG51bGxd&link_position=front_page&newsletter_id=73563&sid=0.8dc6d1&xng_share_origin=windows","read_url":"/vendor/content/articles/3890395/read","prefetch_url":"https://www.xing.com/news/articles/link/3890395?ctid=WyJlOWQ0ZmNmMy1jMjU2LTQ2NGQtOWVlYy0zN2Q0YThhNjBmZTYiLCKOMzUwIixbMzg5MDM5NywzODkwMzk1LDM4OTAzOTMsMzg5MDM4OV0sbnVsbCxudWxsLG51bGxd&link_position=front_page&newsletter_id=73563&sid=0.8dc6d1&tracking=false&xng_share_origin=windows","prefetch_read_url":"/vendor/content/articles/3890395/read?tracking=true&xng_share_origin=windows","title":"Klein, Zipse, Diess: Warum diese Dax-Chefs in der Krise besonders gut ankommen","newsletter_id":73563,"video_id":null,"description":"In schwierigen Zeiten zählen in der Öffentlichkeit vor allem mutige Entscheidungen und Führungsstärke. Das zeigt das CEO-Ranking „The Vote“.","introductory_text":null,"thumbnail_url":"https://static.xingcdn.com/content/article_thumbnail_images/images/003/699/825/mobile/44c20390f1b0784d49d56ddbe8bb16124f7aff72image.jpg?1616391114","source":"handelsblatt.com","published_at":"2021-03-22T06:30:00+01:00","liked":false,"bookmarked":false,"bookmark_url":"/vendor/content/articles/3890395/bookmark","starred":false,"star_url":null,"object_surn":"surn:x-xing:content:page_article_external:3890395_9d7e1a","read":false,"stars_count":3,"comments_count":0,"reads_count":1374,"commentable":false,"page_urn":"surn:x-xing:content:industry_page:350_a7b29a","page_name":"Wirtschaft & Management","page_id":"350_a7b29a","news_plus":false,"purchased":false,"kind":null,"dateline":null,"body_html":null,"header_image":{},"headline":"","urn":"surn:x-xing:content:page_article_external:3890395_9d7e1a"},{"id":3890393,"url":"https://www.xing.com/news/articles/link/3890393?ctid=WyJlOWQ0ZmNmMy1jMjU2LTQ2NGQtOWVlYy0zN2Q0YThhNjBmZTYiLCKOMzUwIixbMzg5MDM5NywzODkwMzk1LDM4OTAzOTMsMzg5MDM4OV0sbnVsbCxudWxsLG51bGxd&link_position=front_page&newsletter_id=73563&sid=0.8dc6d1&xng_share_origin=windows","share_url":"https://www.xing.com/news/articles/link/3890393?ctid=WyJlOWQ0ZmNmMy1jMjU2LTQ2NGQtOWVlYy0zN2Q0YThhNjBmZTYiLCKOMzUwIixbMzg5MDM5NywzODkwMzk1LDM4OTAzOTMsMzg5MDM4OV0sbnVsbCxudWxsLG51bGxd&link_position=front_page&newsletter_id=73563&sid=0.8dc6d1&xng_share_origin=windows","read_url":"/vendor/content/articles/3890393/read","prefetch_url":"https://www.xing.com/news/articles/link/3890393?ctid=WyJlOWQ0ZmNmMy1jMjU2LTQ2NGQtOWVlYy0zN2Q0YThhNjBmZTYiLCKOMzUwIixbMzg5MDM5NywzODkwMzk1LDM4OTAzOTMsMzg5MDM4OV0sbnVsbCxudWxsLG51bGxd&link_position=front_page&newsletter_id=73563&sid=0.8dc6d1&tracking=false&xng_share_origin=windows","prefetch_read_url":"/vendor/content/articles/3890393/read?tracking=true&xng_share_origin=windows","title":"Schockierende Arbeitsbelastung bei Goldman Sachs: Junge Investmentbanker klagen über 100-Stunden-Wochen","newsletter_id":73563,"video_id":null,"description":"Vier Stunden täglich zum »Essen, Schlafen, Duschen«.","introductory_text":null,"thumbnail_url":"https://static.xingcdn.com/content/article_thumbnail_images/images/003/699/823/mobile/d3dfe57a857d432142a7b57f1259c5f4190b3c0bimage.jpg?1616391105","source":"spiegel.de","published_at":"2021-03-22T06:30:00+01:00","liked":false,"bookmarked":false,"bookmark_url":"/vendor/content/articles/3890393/bookmark","starred":false,"star_url":null,"object_surn":"surn:x-xing:content:page_article_external:3890393_40a3d2","read":false,"stars_count":0,"comments_count":2,"reads_count":3190,"commentable":false,"page_urn":"surn:x-xing:content:industry_page:350_a7b29a","page_name":"Wirtschaft & Management","page_id":"350_a7b29a","news_plus":false,"purchased":false,"kind":null,"dateline":null,"body_html":null,"header_image":{},"headline":"","urn":"surn:x-xing:content:page_article_external:3890393_40a3d2"},{"id":3890389,"url":"https://www.xing.com/news/articles/link/3890389?ctid=WyJlOWQ0ZmNmMy1jMjU2LTQ2NGQtOWVlYy0zN2Q0YThhNjBmZTYiLCKOMzUwIixbMzg5MDM5NywzODkwMzk1LDM4OTAzOTMsMzg5MDM4OV0sbnVsbCxudWxsLG51bGxd&link_position=front_page&newsletter_id=73563&sid=0.8dc6d1&xng_share_origin=windows","share_url":"https://www.xing.com/news/articles/link/3890389?ctid=WyJlOWQ0ZmNmMy1jMjU2LTQ2NGQtOWVlYy0zN2Q0YThhNjBmZTYiLCKOMzUwIixbMzg5MDM5NywzODkwMzk1LDM4OTAzOTMsMzg5MDM4OV0sbnVsbCxudWxsLG51bGxd&link_position=front_page&newsletter_id=73563&sid=0.8dc6d1&xng_share_origin=windows","read_url":"/vendor/content/articles/3890389/read","prefetch_url":"https://www.xing.com/news/articles/link/3890389?ctid=WyJlOWQ0ZmNmMy1jMjU2LTQ2NGQtOWVlYy0zN2Q0YThhNjBmZTYiLCKOMzUwIixbMzg5MDM5NywzODkwMzk1LDM4OTAzOTMsMzg5MDM4OV0sbnVsbCxudWxsLG51bGxd&link_position=front_page&newsletter_id=73563&sid=0.8dc6d1&tracking=false&xng_share_origin=windows","prefetch_read_url":"/vendor/content/articles/3890389/read?tracking=true&xng_share_origin=windows","title":"Sterbende Branche: Taxi-Unternehmen geben zu Tausenden auf","newsletter_id":73563,"video_id":null,"description":"Kaum noch Touristen, Restaurants und Kinos geschlossen. Die Folge: Die Taxen bleiben ohne Kunden.","introductory_text":null,"thumbnail_url":"https://static.xingcdn.com/content/article_thumbnail_images/images/003/699/819/mobile/eeead52e3fd8d77e95f57598f3e79a64875dae4fimage.jpg?1616391097","source":"welt.de","published_at":"2021-03-22T06:30:00+01:00","liked":false,"bookmarked":false,"bookmark_url":"/vendor/content/articles/3890389/bookmark","starred":false,"star_url":null,"object_surn":"surn:x-xing:content:page_article_external:3890389_943e99","read":false,"stars_count":0,"comments_count":0,"reads_count":1252,"commentable":false,"page_urn":"surn:x-xing:content:industry_page:350_a7b29a","page_name":"Wirtschaft & Management","page_id":"350_a7b29a","news_plus":false,"purchased":false,"kind":null,"dateline":null,"body_html":null,"header_image":{},"headline":"","urn":"surn:x-xing:content:page_article_external:3890389_943e99"}]}],"total":1,"more_available":false}