{"n":3,"e":[{"e":"*.clo.footprintdns.com","w":2000,"m":3},{"e":"*.nrb.footprintdns.com","w":420,"m":3},{"e":"a830edad9050849405e20022917.sharepoint.com","w":100,"m":3},{"e":"a-ring.msedge.net","w":2000,"m":3},{"e":"a-ring-fallback.msedge.net","w":2000,"m":3},{"e":"azwancan.trafficmanager.net","w":200,"m":3},{"e":"bing.com","w":100,"m":3},{"e":"b-ring.msedge.net","w":2000,"m":3,"ex":"0d7be093075e43419d318f19a57eaaf7"},{"e":"c-ring.msedge.net","w":2000,"m":3},{"e":"dw8wjz3q0i4gj.cloudfront.net","w":50,"m":3},{"e":"dw8wjz3q0i4gj.cloudfront.net","w":10,"m":8},{"e":"eafddirect.msedge.net","w":50,"m":3},{"e":"exo-ring.msedge.net","w":100,"m":3},{"e":"fp.msedge.net","w":50,"m":3},{"e":"fp-afd.azureedge.net","w":700,"m":3,"ex":"22d49f7b24824e98bd690ebffd6521fa"},{"e":"fp-afd.azureedge.net","w":50,"m":8},{"e":"fp-afd.azureedge.us","w":500,"m":3},{"e":"fp-afd.azurefd.net","w":500,"m":3},{"e":"fp-afd.azurefd.us","w":500,"m":3},{"e":"fp-afd-nocache.azureedge.net","w":700,"m":3},{"e":"fp-afd-nocache.azureedge.net","w":50,"m":8},{"e":"fp-as.azureedge.net","w":700,"m":3},{"e":"fp-as.azureedge.net","w":50,"m":8},{"e":"fp-as-nocache.azureedge.net","w":700,"m":3},{"e":"fp-as-nocache.azureedge.net","w":50,"m":8},{"e":"fp-vp.azureedge.net","w":700,"m":3,"ex":"22d49f7b24824e98bd690ebffd6521fa"},{"e":"fp-vp.azureedge.net","w":50,"m":8},{"e":"fp-vp-nocache.azureedge.net","w":700,"m":3},{"e":"fp-vp-nocache.azureedge.net","w":50,"m":8},{"e":"fp-vs.azureedge.net","w":1000,"m":3},{"e":"fp-vs.azureedge.net","w":50,"m":8},{"e":"fp-vs-nocache.azureedge.net","w":1000,"m":3},{"e":"fp-vs-nocache.azureedge.net","w":50,"m":8},{"e":"graph.azurefd.net","w":1,"m":1},{"e":"graph.azurefd.net","w":1,"m":8},{"e":"graph.microsoft.com","w":1,"m":1},{"e":"graph.microsoft.com","w":1,"m":8},{"e":"k-ring.msedge.net","w":2000,"m":3},{"e":"l-ring.msedge.net","w":2000,"m":3},{"e":"m.qualifytring.com","w":100,"m":3},{"e":"moiafdaws.clo.footprintdns.com","w":50,"m":3},{"e":"moiafdazure.clo.footprintdns.com","w":50,"m":3},{"e":"moiawsorigin.clo.footprintdns.com","w":50,"m":3},{"e":"moiazureorigin.clo.footprintdns.com","w":50,"m":3},{"e":"o-ring.msedge.net","w":100,"m":3},{"e":"ow1.res.office365.com","w":700,"m":3},{"e":"ow1.res.office365.com","w":50,"m":8},{"e":"q-ring.msedge.net","w":100,"m":3},{"e":"q-ring-fallback.msedge.net","w":100,"m":3},{"e":"rum14.perf.linkedin.com","w":150,"m":3},{"e":"rum18.perf.linkedin.com","w":150,"m":3},{"e":"rum8.perf.linkedin.com","w":215,"m":3},{"e":"segments-s.msedge.net","w":100,"m":3},{"e":"spo-ring.msedge.net","w":2000,"m":3},{"e":"s-ring.msedge.net","w":2000,"m":3},{"e":"teams-ring.msedge.net","w":2000,"m":3},{"e":"tring.clo.footprintdns.com","w":100,"m":3},{"e":"t-ring.msedge.net","w":2000,"m":3}],"r":["fp.msedge.net/r.gif","odinvzc.azureedge.net/apc/trans.gif"]}